{"cameraMode":{"drawMode":0,"name":"Shaded","section":"Shading Mode"},"sceneLighting":true,"audioPlay":false,"sceneViewState":{"m_AlwaysRefresh":false,"showFog":true,"showSkybox":true,"showFlares":true,"showImageEffects":true,"showParticleSystems":true,"showVisualEffectGraphs":true,"m_FxEnabled":true},"in2DMode":false,"pivot":{"x":4.452231407165527,"y":-2.1425065994262697,"z":19.67601203918457},"rotation":{"x":0.0026896821800619365,"y":0.02309565432369709,"z":0.00006263302930165082,"w":-0.9997324347496033},"size":21.367935180664064,"orthographic":false}