{"cameraMode":{"drawMode":0,"name":"Shaded","section":"Shading Mode"},"sceneLighting":false,"audioPlay":false,"sceneViewState":{"m_AlwaysRefresh":false,"showFog":true,"showSkybox":false,"showFlares":true,"showImageEffects":true,"showParticleSystems":true,"showVisualEffectGraphs":true,"m_FxEnabled":true},"in2DMode":false,"pivot":{"x":3.3204710483551027,"y":-1.8297797441482545,"z":-0.18800067901611329},"rotation":{"x":0.0026896821800619365,"y":0.02309565432369709,"z":0.00006263302930165082,"w":-0.9997324347496033},"size":8.460429191589356,"orthographic":false}